{"cameraMode":{"drawMode":0,"name":"Shaded","section":"Shading Mode"},"sceneLighting":true,"audioPlay":false,"sceneViewState":{"m_AlwaysRefresh":false,"showFog":true,"showSkybox":true,"showFlares":true,"showImageEffects":true,"showParticleSystems":true,"showVisualEffectGraphs":true,"m_FxEnabled":true},"in2DMode":false,"pivot":{"x":229.1889190673828,"y":181.53855895996095,"z":-1.3892364501953126},"rotation":{"x":-0.004499637521803379,"y":0.007499787490814924,"z":0.000032671159715391695,"w":0.9999633431434631},"size":237.9163818359375,"orthographic":false}